http://i.vimeocdn.com/video/895821764_200x150.jpg,"Video series:
Problem-based Instructional Strategies",Stages of Language Acquisition: A Jigsaw,"<iframe src=""https://player.vimeo.com/video/195305381"" width=""160"" height=""200"" padding = ""0"" frameborder=""0"" allow=""autoplay; fullscreen"" allowfullscreen></iframe>"
http://i.vimeocdn.com/video/516215609_200x150.jpg,"Video series:
Problem-based Instructional Strategies",Stages of Language Acquisition: A Jigsaw,"<iframe src=""https://player.vimeo.com/video/195305381"" width=""160"" height=""200"" frameborder=""0"" allow=""autoplay; fullscreen"" allowfullscreen></iframe>"
http://i.vimeocdn.com/video/513983078_200x150.jpg,"Video series:
Problem-based Instructional Strategies",Stages of Language Acquisition: A Jigsaw,"<iframe src=""https://player.vimeo.com/video/195305381"" width=""160"" height=""200"" frameborder=""0"" allow=""autoplay; fullscreen"" allowfullscreen></iframe>"
http://i.vimeocdn.com/video/895821764_200x150.jpg,"Video series:
Problem-based Instructional Strategies",Stages of Language Acquisition: A Jigsaw,"<iframe src=""https://player.vimeo.com/video/195305381"" width=""160"" height=""200"" frameborder=""0"" allow=""autoplay; fullscreen"" allowfullscreen></iframe>"
http://i.vimeocdn.com/video/516215609_200x150.jpg,"Video series:
Problem-based Instructional Strategies",Stages of Language Acquisition: A Jigsaw,"<iframe src=""https://player.vimeo.com/video/195305381"" width=""160"" height=""200"" frameborder=""0"" allow=""autoplay; fullscreen"" allowfullscreen></iframe>"
http://i.vimeocdn.com/video/513983078_200x150.jpg,"Video series:
Problem-based Instructional Strategies",Stages of Language Acquisition: A Jigsaw,"<iframe src=""https://player.vimeo.com/video/195305381"" width=""160"" height=""200"" frameborder=""0"" allow=""autoplay; fullscreen"" allowfullscreen></iframe>"
http://i.vimeocdn.com/video/895821764_200x150.jpg,"Video series:
Problem-based Instructional Strategies",Stages of Language Acquisition: A Jigsaw,"<iframe src=""https://player.vimeo.com/video/195305381"" width=""160"" height=""200"" frameborder=""0"" allow=""autoplay; fullscreen"" allowfullscreen></iframe>"
http://i.vimeocdn.com/video/516215609_200x150.jpg,"Video series:
Problem-based Instructional Strategies",Stages of Language Acquisition: A Jigsaw,"<iframe src=""https://player.vimeo.com/video/195305381"" width=""160"" height=""200"" frameborder=""0"" allow=""autoplay; fullscreen"" allowfullscreen></iframe>"
http://i.vimeocdn.com/video/513983078_200x150.jpg,"Video series:
Problem-based Instructional Strategies",Stages of Language Acquisition: A Jigsaw,"<iframe src=""https://player.vimeo.com/video/195305381"" width=""160"" height=""200"" frameborder=""0"" allow=""autoplay; fullscreen"" allowfullscreen></iframe>"
http://i.vimeocdn.com/video/895821764_200x150.jpg,"Video series:
Problem-based Instructional Strategies",Stages of Language Acquisition: A Jigsaw,"<iframe src=""https://player.vimeo.com/video/195305381"" width=""160"" height=""200"" frameborder=""0"" allow=""autoplay; fullscreen"" allowfullscreen></iframe>"
http://i.vimeocdn.com/video/516215609_200x150.jpg,"Video series:
Problem-based Instructional Strategies",Stages of Language Acquisition: A Jigsaw,"<iframe src=""https://player.vimeo.com/video/195305381"" width=""160"" height=""200"" frameborder=""0"" allow=""autoplay; fullscreen"" allowfullscreen></iframe>"
http://i.vimeocdn.com/video/513983078_200x150.jpg,"Video series:
Problem-based Instructional Strategies",Stages of Language Acquisition: A Jigsaw,"<iframe src=""https://player.vimeo.com/video/195305381"" width=""160"" height=""200"" frameborder=""0"" allow=""autoplay; fullscreen"" allowfullscreen></iframe>"
http://i.vimeocdn.com/video/895821764_200x150.jpg,"Video series:
Problem-based Instructional Strategies",Stages of Language Acquisition: A Jigsaw,"<iframe src=""https://player.vimeo.com/video/195305381"" width=""160"" height=""200"" frameborder=""0"" allow=""autoplay; fullscreen"" allowfullscreen></iframe>"
https://player.vimeo.com/video/195305381 ,"Video series:
Problem-based Instructional Strategies",Stages of Language Acquisition: A Jigsaw,"<iframe id=""ls_embed_1594410991"" src=""https://livestream.com/accounts/323785/events/9171488/player?width=640&height=360&enableInfoAndActivity=true&defaultDrawer=&autoPlay=true&mute=false"" width=""640"" height=""360"" frameborder=""0"" scrolling=""no"" allowfullscreen> </iframe>"
